{
    "path": {
        "data_set_path": "/home/lin/Datasets/kitti/data_odometry_gray/00",
        "trajectory_path": "/home/lin/Projects/lk_ws/src/lk-vio/result/kitti_00.txt",
        "dbow2_voc_path": "/home/lin/Projects/lk_ws/src/lk-vio/vocabulary/ORBvoc.bin",
        "log_data_path": "/home/lin/Projects/lk_ws/src/lk-vio/log_data/test_system.log"
    },
    "camera": {
        "left": {
            "fx": 722.630977890279,
            "fy": 722.7761438859905,
            "cx": 642.3085134344027,
            "cy": 337.9411605129548,
            "k1": 0.1172598890196848,
            "k2": -0.160594276558549,
            "p1": 0.0007497959826629522,
            "p2": 0.0005299275691709567,
            "k3": 0.0162068497100239
        },
        "right": {
            "fx": 721.5718301289434,
            "fy": 721.3537446239962,
            "cx": 649.8399717029141,
            "cy": 340.8174992825201,
            "k1": 0.07834828963398845,
            "k2": 0.02664621034575864,
            "p1": -0.001709621114564896,
            "p2": 0.0009968149501952419,
            "k3": -0.2187053570258788
        },
        "baseline": 86.7156,
        "width": 1280,
        "height": 720,
        "need_undistortion": false
    },
    "map": {
        "active_map_size": 12,
        "init_landmark_size": 200
    },
    "tracking_status": {
        "init_good": 100,
        "track_good": 50,
        "track_bad": 10
    },
    "extractor": {
        "init_features_num": 300,
        "track_features_num": 2000,
        "scale_factor": 1.2,
        "pyramid_level": 8,
        "init_fast_threshold": 20,
        "min_fast_threshold": 7
    },
    "back_end": {
        "activate": true
    },
    "loop_closure": {
        "activate": true,
        "show_result": false,
        "max_threshold": 0.027,
        "min_threshold": 0.02,
        "min_database_size": 50,
        "pyramid_level": 8
    },
    "viewer": {
        "view_point_x": 0,
        "view_point_y": 1000,
        "view_point_z": 0,
        "camera_focus": 5000,
        "axis_direction": 6,
        "show_extractor_result_cv": false,
        "show_lk_matcher_result_cv": false
    }
}